ID,title
1,"A Proclamation on National Former Prisoner of War Recognition Day, 2021"
2,"Press Briefing by Press Secretary Jen Psaki, April 15, 2021"
3,"A Proclamation on National Park Week, 2021"
4,The Pandemic鈥檚 Effect on Measured Wage Growth
5,White House Releases State-by-State Fact Sheets to Highlight Nationwide Need for the American Jobs Plan
6,Memorandum for the Secretary of State on the Emergency Presidential Determination on Refugee Admissions for Fiscal Year 2021
7,Background Press Call by Administration Officials on the President鈥檚 Discretionary Funding Request for Fiscal Year 2022
8,"A Proclamation on National Park Week, 2021"
9,President Biden Announces His Intent to Nominate Robert Santos for Director of the U.S. Census Bureau
10,The Pandemic鈥檚 Effect on Measured Wage Growth
11,A Proclamation on Honoring United States Capitol Police Officers
12,Letter to the Speaker of the House and the President of the Senate on the Termination of Emergency With Respect to the International Criminal Court
13,Unclassified Annex: Notification on the Legal and Policy Frameworks for the United States鈥?Use of Military Force and Related National Security Operations
14,Remarks by President Biden in a Faith and Community Engagement Call
15,Press Briefing by White House COVID-19 Response Team and Public Health Officials
16,Readout of White House CEO Summit on Semiconductor and Supply Chain Resilience
17,Statement from the President on the Beginning of Ramadan
18,FACT SHEET: Biden-Harris Administration Announces Initial Actions to Address the Black Maternal Health Crisis
19,"Readout of President Joseph R. Biden, Jr. Call with President Vladimir Putin of Russia"
20,"Statement from Jeff Zients, White House COVID-19 Response Coordinator on Johnson & Johnson Vaccine"
21,"A Proclamation on Black Maternal Health Week, 2021"
22,FACT SHEET: The American Jobs Plan Supports Small Businesses
23,Readout from NSC Spokesperson Emily Horne on National Security Advisor Jake Sullivan Leading a Virtual Meeting of the U.S.-Israel Strategic Consultative Group
24,A Proclamation on 160th Anniversary Of The Unification Of Italy And The Establishment Of United States-Italy Diplomatic Relations
25,Statement by President Joe Biden on Today鈥檚 Attack Outside the Capitol
26,"Press Briefing by Press Secretary Jen Psaki, March 30, 2021"
27,Remarks by President Biden at a Congressional Tribute for U.S. Capitol Police Officer William Evans
28,FACT SHEET: The American Jobs Plan
29,Readout of Vice President Kamala Harris Call with President Alejandro Giammattei of Guatemala
30,Statement by National Security Council Spokesperson Emily Horne on the U.S.-Japan-Republic of Korea Trilateral National Security Advisors鈥?Dialogue
31,"A Proclamation on National Financial Capability Month, 2021"
32,Background Press Call by a Senior Administration Official on the President鈥檚 American Jobs Plan
33,Press Briefing by White House COVID-19 Response Team and Public Health Officials
34,"A Proclamation on Transgender Day Of Visibility, 2021"
35,"A Proclamation on C茅sar Ch谩vez Day, 2021"
36,CEQ Welcomes Brenda Mallory as New Chair
37,"A Proclamation on National Sexual Assault Prevention And Awareness Month, 2021"
38,Bill Signing: H.R. 1868
39,"Readout of President Joseph R. Biden, Jr. Call with President Ashraf Ghani of Afghanistan"
40,Remarks by President Biden on the Way Forward in Afghanistan
41,Remarks by President Biden After Wreath Laying at Section 60 of Arlington National Cemetery
42,Statement by Deputy National Security Advisor for Cyber and Emerging Technology Anne Neuberger on SolarWinds and Microsoft Exchange Incidents
43,FACT SHEET: Imposing Costs for Harmful Foreign Activities by the Russian Government
44,President Biden Announces Erika L. Moritsugu as Deputy Assistant to the President and Asian American and Pacific Islander Senior Liaison
45,"Readout of President Joseph R. Biden, Jr. Call with Chancellor Angela Merkel of Germany"
46,Nominations Sent to the Senate
47,Remarks by President Biden Before Meeting with Bipartisan Group of Members of Congress to Discuss Historic Investments in the American Jobs Plan
48,Press Briefing by White House COVID-19 Response Team and Public Health Officials
49,"Press Briefing by Press Secretary Jen Psaki, April 14, 2021"
50,Remarks by Vice President Harris on the American Jobs Plan
51,"Press Briefing by Press Secretary Jen Psaki, April 19, 2021"
52,"A Proclamation on Second Chance Month, 2021"
53,"Statement by NSC Spokesperson Emily Horne on National Security Advisor Jake Sullivan鈥檚 Call with Nikolay Patrushev, Secretary of the Russian Security Council"
54,"Readout of Oval Office Meeting with Bipartisan, Bicameral Members of Congress"
55,Remarks by President Biden on the American Jobs Plan
56,"A Proclamation on National Cancer Control Month, 2021"
57,"A Proclamation on Month of the Military Child, 2021"
58,"A Proclamation on National Donate Life Month, 2021"
59,"Press Gaggle by Principal Deputy Press Secretary Karine Jean-Pierre Aboard Air Force One en route Pittsburgh, PA"
60,"President Joseph R. Biden, Jr. Approves Kentucky Disaster Declaration"
61,"A Proclamation on World Autism Awareness Day, 2021"
62,"A Proclamation on National Child Abuse Prevention Month, 2021"
63,Remarks by President Biden in Cabinet Meeting
64,Nominations Sent to the Senate
65,A Letter on Blocking Property with Respect to Specified Harmful Foreign Activities of the Government of the Russian Federation
66,Executive Order on the Termination of Emergency With Respect to the International Criminal Court
67,Notice on the Continuation of the National Emergency with Respect to Somalia
68,Letter to the Speaker of the House and the President of the Senate on the Continuation of the National Emergency with Respect to Somalia
69,Executive Order on Blocking Property with Respect to Specified Harmful Foreign Activities of the Government of the Russian Federation
70,President Biden Announces His Intent to Nominate Nine Career Members of the Senior Foreign Service as Ambassadors
71,FACT SHEET: Biden-Harris Administration Announces American Rescue Plan Funding to Rescue the Child Care Industry so the Economy Can Recover
72,Statement by National Security Council Spokesperson Emily Horne on National Security Advisor Jake Sullivan鈥檚 Call with National Security Advisor Hermogenes Esperon of the Philippines
73,FACT SHEET: The American Jobs Plan Supports Veterans
74,President Biden Announces His Intent to Nominate Key Administration Leaders in the State Department
75,Background Press Call by Senior Administration Officials on Russia
76,The Employment Situation in March
77,Remarks by President Biden Before Meeting with the Congressional Asian Pacific American Caucus Executive Committee
78,"Press Briefing by Press Secretary Jen Psaki, April 1, 2021"
79,Background Press Call on the Upcoming Trilateral Meeting with Japan and the Republic of Korea
80,Fact Sheet: First Lady Jill Biden Sets Course for the Next Phase of Joining Forces
81,"President Biden Announces his Intent to Nominate Key Roles in the Department of Interior, Department of Transportation, and Department of Veterans Affairs"
82,Strengthening our Nation鈥檚 Commitment to Preventing and Responding to Gender-Based Violence
83,"Readout of President Joseph R. Biden, Jr. Call with President Volodymyr Zelenskyy of Ukraine"
84,Readout of Vice President Kamala Harris Call with President Andr茅s Manuel L贸pez Obrador of Mexico
85,Remarks by President Biden During Tour of Vaccination Site
86,Remarks by President Biden Marking the 150 Millionth COVID-19 Vaccine Shot
87,Readout of Oval Office Meeting with Congressional Asian Pacific American Caucus (CAPAC) Leadership
88,FACT SHEET: Biden-Harris Administration Announces Initial Actions to Address the Gun Violence Public Health Epidemic
89,Press Briefing by White House COVID-19 Response Team and Public Health Officials
90,"Readout of President Joseph R. Biden, Jr. Call with King Abdullah II of Jordan"
91,Remarks by President Biden on the March Jobs Numbers
92,President Biden Announces his Intent to Nominate Key Members for the Department of Defense
93,President Biden Announces His Intent to Nominate Key Members for the U.S. Department of Homeland Security
94,Remarks by President Biden on the American Jobs Plan
95,United States-Japan-Republic of Korea Trilateral National Security Advisors鈥?Press Statement
96,Press Briefing by White House COVID-19 Response Team and Public Health Officials
97,"Press Briefing by Press Secretary Jen Psaki and Secretary of Labor Marty Walsh, April 2, 2021"
98,"Press Briefing by Press Secretary Jen Psaki and Secretary of Commerce Gina Raimondo, April 7, 2021"
99,"A Proclamation on Days of Remembrance of Victims of the Holocaust, 2021"
100,Statement by National Security Advisor Jake Sullivan on National Cyber Director and CISA Director Nominations
101,President Biden Announces His Intent to Nominate 11 Key Administration Leaders on National Security and Law Enforcement
102,Unclassified Annex: Report on the Legal and Policy Frameworks for the United States鈥?Use of Military Force and Related National Security Operations
103,Press Briefing by White House COVID-19 Response Team and Public Health Officials
104,Nominations Sent to the Senate
105,Remarks by President Biden before Meeting with Bipartisan Group of Members of Congress to Discuss the American Jobs Plan
106,"Press Briefing by Press Secretary Jen Psaki, April 12, 2021"
107,"Readout of Oval Office Meeting with Bipartisan, Bicameral Members of Congress"
108,Statement from Deputy National Security Advisor for Cyber & Emerging Technologies Anne Neuberger on New Microsoft Exchange Patches
109,"Statement by National Security Council Spokesperson Emily Horne on National Security Advisor Jake Sullivan鈥檚 call with Karin Wallensteen, State Secretary to Prime Minister Stefan L枚fven of Sweden"
110,President Biden Announces His Intent to Nominate Key Administration Leaders on Climate and Transportation
111,Background Press Call by a Senior Administration Official on Afghanistan
112,Remarks by President Biden Before Meeting with Members of the Congressional Black Caucus
113,"A Proclamation on Pan American Day and Pan American Week, 2021"
114,Readout of Oval Office Meeting with Congressional Black Caucus Executive Leadership
115,Remarks by President Biden on the Tradition of Easter at the White House
116,"Press Briefing by Press Secretary Jen Psaki, NIAID Director and Chief Medical Advisor to the President Dr. Anthony Fauci, and COVID-19 Response Coordinator Jeff Zients, April 13, 2021"
117,Remarks by Vice President Harris at Virtual Roundtable of Experts on the Northern Triangle
118,"A Proclamation on National Public Health Week, 2021"
119,Statement by National Security Council Spokesperson Emily Horne on National Security Advisor Jake Sullivan鈥檚 Call with Prime Minister Andrej Plenkovic of Croatia
120,Remarks by President Biden After Marine One Arrival
121,"President Biden Announces his Intent to Nominate Key Members for the Department of Veterans Affairs, Department of Labor, Department of Energy, and Department of Transportation"
122,"Press Briefing by Press Secretary Jen Psaki, April 5, 2021"
123,Statement of President Joe Biden on the Passing of Congressman Alcee Hastings
124,Press Briefing by White House COVID-19 Response Team and Public Health Officials
125,"Press Briefing by Press Secretary Jen Psaki, April 6, 2021"
126,Remarks by President Biden at a Virtual CEO Summit on Semiconductor and Supply Chain Resilience
127,"A Proclamation on National Fair Housing Month, 2021"
128,"Statement from National Security Advisor Jake Sullivan on the Service of Ambassador Jacobson, Coordinator for the Southwest Border"
129,Pandemic Prices:  Assessing Inflation in the Months and Years Ahead
130,Remarks by President Biden on the Weekly Economic Briefing
131,"Statement by NSC Spokesperson Emily Horne on Senior Administration Official Travel to Colombia, Argentina, and Uruguay"
132,Statement by President Joe Biden on the Electric Battery Dispute Settlement
133,President Biden Announces his Intent to Nominate Robin Carnahan as Administrator of the General Services Administration (GSA)
134,Remarks by President Biden on Gun Violence Prevention
135,"Press Briefing by Press Secretary Jen Psaki and Secretary of Transportation Pete Buttigieg, April 9, 2021"
136,Statement by National Security Council Spokesperson Emily Horne on National Security Advisor Jake Sullivan鈥檚 Call with Ethiopian Deputy Prime Minister Demeke Mekonnen
137,FACT SHEET: More Details on the Biden-Harris Administration鈥檚 Investments in Community Violence Interventions
138,Executive Order on the Establishment of the Presidential Commission on the Supreme Court of the United States
139,Statement by Deputy National Security Advisor for Cyber and Emerging Technology Anne Neuberger on SolarWinds and Microsoft Exchange Incidents
140,"Statement by NSC Spokesperson Emily Horne on National Security Advisor Jake Sullivan鈥檚 Call with Nikolay Patrushev, Secretary of the Russian Security Council"
141,"President Joseph R. Biden, Jr. Approves Washington Disaster Declaration"
142,"Press Briefing by Press Secretary Jen Psaki and Secretary of Energy Jennifer Granholm, April 8, 2021"
143,Remarks by President Biden Before Meeting with Bipartisan Group of Members of Congress to Discuss Historic Investments in the American Jobs Plan
144,Nominations Sent to the Senate
145,"Readout of Oval Office Meeting with Bipartisan, Bicameral Members of Congress"
146,Press Briefing by White House COVID-19 Response Team and Public Health Officials
147,Remarks by Vice President Harris on the American Jobs Plan
148,"Press Briefing by Press Secretary Jen Psaki, April 19, 2021"
149,Remarks by President Biden on Russia
150,Statement by President Joe Biden and First Lady Jill Biden on the Passing of Prince Philip of the United Kingdom
151,Remarks by Vice President Harris on Gun Violence Prevention
152,Background Press Call by a Senior Administration Official on the Official Working Visit of Japan
153,Statement from President Joe Biden on House Passage of the Paycheck Fairness Act
154,"A Proclamation on Honoring the Victims of the Tragedy in Indianapolis, Indiana"
155,Press Briefing by White House COVID-19 Response Team and Public Health Officials
156,President Biden Announces His Intent to Nominate Eight Key Administration Leaders
157,President Biden to Sign Executive Order Creating the Presidential Commission on the Supreme Court of the United States
158,Statement by聽Press Secretary Jen Psaki on the Emergency Presidential Determination on Refugee Admissions for Fiscal Year 2021
159,"A Proclamation on National Crime Victims鈥?Rights Week, 2021"
160,"A Proclamation on National Volunteer Week, 2021"
161,"Press Briefing by Press Secretary Jen Psaki, April 16, 2021"
162,Fact Sheet: Biden Administration Invests $4 Billion in American Rescue Plan Funding to Combat COVID-19 in Indian Country
163,U.S.- Japan Joint Leaders鈥?Statement: 鈥淯.S. 鈥?JAPAN GLOBAL PARTNERSHIP FOR A NEW ERA鈥?
164,"Statement from President Joe Biden on the Mass Shooting in Indianapolis, Indiana"
165,Fact Sheet: U.S.-Japan Competitiveness and Resilience (CoRe) Partnership
166,Press Briefing by White House COVID-19 Response Team and Public Health Officials
167,Remarks by President Biden and Prime Minister Suga of Japan at Press Conference
168,Remarks by Vice President Harris and Prime Minister Suga of Japan Before Bilateral Meeting
169,Fact Sheet: Biden Administration Announces $1.7 Billion Investment to Fight COVID-19 Variants
170,Remarks by President Biden and Prime Minister Suga of Japan Before Bilateral Meeting
171,Press Briefing by White House COVID-19 Response Team and Public Health Officials
172,FACT SHEET: President Biden Announces 90% of the Adult U.S. Population will be Eligible for Vaccination and 90% will have a Vaccination Site Within 5 Miles of Home by April 19
173,"President Biden Announces his Intent to Nominate Key Members for the Department of Labor, Department of Transportation, Equal Employment Opportunity Commission, Department of Veterans Affairs, and Appalachian Regional Commission"
174,Letter to the Speaker of the House and the President of the Senate on the Continuation of the National Emergency With Respect to South Sudan
175,Letter to the Speaker of the House and the President of the Senate on the Continuation of the National Emergency With Respect to Significant Malicious Cyber-Enabled Activities
176,Press Briefing by White House COVID-19 Response Team and Public Health Officials
177,Remarks by President Biden on the Anniversary of the Affordable Care Act
178,"President Biden Announces his Intent to Nominate Assistant Secretary for Preparedness and Response, Department of Health and Human Services"
179,COVID-19 has exacerbated the economic inequality and caregiving crisis facing women of color. Here鈥檚 how the American Rescue Plan helps.
180,Nominations Sent to the Senate
181,Press Briefing by White House COVID-19 Response Team and Public Health Officials
182,Readout of Vice President Kamala Harris Meeting with First Minister Arlene Foster and Deputy First Minister Michelle O鈥橬eill of Northern Ireland
183,Nomination Sent to the Senate
184,"Press Briefing by Press Secretary Jen Psaki and Special Assistant to the President and Coordinator for the Southern Border Ambassador Roberta Jacobson, March 10, 2021"
185,President Biden Announces Intent to Nominate Key Roles for the Department of Treasury
186,"Press Gaggle by Principal Deputy Press Secretary Karine Jean-Pierre Aboard Air Force One En Route Atlanta, Georgia"
187,Joint Message on the Passing of 10 Years Since the Great East Japan Earthquake
188,Remarks by President Biden at Event with the CEOs of Johnson & Johnson and Merck
189,"Statement by White House Press Secretary Jen Psaki on the Virtual Bilateral Meeting between President Joe Biden and Miche谩l Martin, Taoiseach of Ireland"
190,Statement by President Biden on the Introduction of the Violence Against Women Reauthorization Act of 2021
191,"Press Briefing by Press Secretary Jen Psaki, Co-Chair of the Gender Policy Council and Chief of Staff to the First Lady Julissa Reynoso, and Co-Chair and Executive Director of the Gender Policy Council Jennifer Klein, March 8, 2021"
192,Remarks by President Biden on International Women鈥檚 Day
193,President Biden Announces Key Hire for the Office of Management and Budget
194,White House Announces Additional Staff
195,Background Press Call by Senior Administration Officials on Venezuela
196,Statement by Press Secretary Jen Psaki on the 14th Anniversary of the Abduction of Robert Levinson
197,"Remarks by President Biden, Prime Minister Modi of India, Prime Minister Morrison of Australia, and Prime Minister Suga of Japan in the Virtual Quad Leaders Summit"
198,Remarks by President Biden During Tour of W.S. Jenks & Son
199,"President Joseph R. Biden, Jr. Approves Louisiana Disaster Declaration"
200,Statement by President Joe Biden on the House Taking Up the PRO Act
201,Remarks by Vice President Harris on the American Rescue Plan
202,Fact Sheet: President Biden Expands Efforts to Recruit More Vaccinators
203,Statement by National Security Advisor Jake Sullivan on Supporting Elections in Libya
204,Quad Leaders鈥?Joint Statement: 鈥淭he Spirit of the Quad鈥?
205,Fact Sheet: Quad Summit
206,The White House Gender Policy Council: A Message from the Co-Chairs
207,Press Briefing by White House COVID-19 Response Team and Public Health Officials
208,President Biden Announces Rose Vela as Director of the President鈥檚 Commission on White House Fellowships
209,Readout from NSC Spokesperson Emily Horne on National Security Advisor Jake Sullivan Leading the First Virtual Meeting of the U.S.-Israel Strategic Consultative Group
210,President Biden Announces Intent to Nominate Key Role for the Department of Health and Human Services
211,"Fact Sheet: President Biden to Announce All Americans to be Eligible for Vaccinations by May 1, Puts the Nation on a Path to Get Closer to Normal by July 4th"
212,Bill Signing: H.R. 1319
213,Remarks by President Biden at Signing of the American Rescue Plan
214,"Press Briefing by Press Secretary Jen Psaki, March 11, 2021"
215,Remarks by President Biden on the Anniversary of the COVID-19 Shutdown
216,Readout of Vice President Kamala Harris Call with Prime Minister Erna Solberg of Norway
217,The American Rescue Plan Passed 鈥?Now What?
218,Readout of the White House鈥檚 Meeting with Climate Finance Leaders
219,Statement by President Joe Biden on the House Passage of the American Rescue Plan
220,Statement by NSC Spokesperson Emily Horne on National Security Advisor Jake Sullivan Leading the First Virtual Meeting of the U.S.-Israel Strategic Consultative Group
221,Press Briefing by White House COVID-19 Response Team and Public Health Officials
222,"Press Briefing by Press Secretary Jen Psaki and Deputy Director of the National Economic Council聽Bharat Ramamurti, March 9, 2021"
223,"Press Briefing by Press Secretary Jen Psaki and National Security Advisor Jake Sullivan, March 12, 2021"
224,Background Press Call by Senior Administration Officials on the Administration鈥檚 Response to the Microsoft and SolarWinds Intrusions
225,Remarks by President Biden on the American Rescue Plan
226,Statement by NSC Spokesperson Emily Horne on National Security Advisor Jake Sullivan鈥檚 Call with Colombian Minister of Defense Diego Molano and Chief of Staff to the President of Colombia Maria Paula Correa
227,Nominations Sent to the Senate
228,Nominations Sent to the Senate
229,Press Briefing by White House COVID-19 Response Team and Public Health Officials
230,President Biden Announces his Intent to Nominate Key Members of his Administration
231,"Press Briefing by Press Secretary Jen Psaki, March 15, 2021"
232,Pre-Taped Remarks by Vice President Kamala Harris As Delivered to the Commission on the Status of Women
233,Remarks by President Biden on the Implementation of the American Rescue Plan
234,"Statement by NSC Spokesperson Emily Horne on National Security Advisor Jake Sullivan鈥檚 Call with Counterparts from France, Germany, and the United Kingdom"
235,Remarks by President Biden During Visit to Smith Flooring Inc.
236,"Press Gaggle by Press Secretary Jen Psaki Aboard Air Force One En Route Chester, PA"
237,Fact Sheet: The United States-Ireland Partnership
238,Background Press Call by Senior Administration Officials on President Biden鈥檚 Upcoming Virtual Bilateral with Ireland
239,Statement by NSC Spokesperson Emily Horne on National Security Advisor Jake Sullivan鈥檚 Call with NATO Secretary General Jens Stoltenberg
240,Statements by Press Secretary Jen Psaki & Deputy National Security Advisor for Cyber Anne Neuberger on Microsoft Exchange Vulnerabilities UCG
241,"President Biden Announces his Intent to Nominate Jose W. Fernandez as Under Secretary of State (Economic Growth, Energy and the Environment)"
242,Statement by President Biden on the American Dream and Promise Act of 2021
243,Joint Statement by President Joe Biden and Taoiseach Miche谩l Martin
244,Remarks by President Biden and Prime Minister Martin of Ireland Before Virtual Bilateral Meeting
245,"Press Briefing by Press Secretary Jen Psaki and Secretary of Housing and Urban Development Marcia L. Fudge, March 18, 2021"
246,Remarks by President Biden on the 100 Million Shot Goal
247,President Biden Hosts Virtual Gathering of UN Security Council Permanent Representatives
248,Statement by President Biden on the COVID-19 Hate Crimes Act
249,President Biden Announces his Intent to Nominate Bill Nelson for the National Aeronautics and Space Administration
250,Remarks by Vice President Harris at Emory University
251,Readout of the First Principals Committee Meeting on Advancing Equity
252,Statement by President Biden on the Farm Workforce Modernization Act of 2021
253,Financial Disclosure Reports Now Available
254,"Press Briefing by Press Secretary Jen Psaki and Secretary of Education Miguel Cardona, March 17, 2021"
255,Remarks by President Biden and Vice President Harris During a Briefing at the Centers for Disease Control and Prevention
256,Statement by President Biden on the Passage of the Violence Against Women Reauthorization Act of 2021 in the House of Representatives
257,Statement on the House of Representatives Passage of House Joint Resolution 17
258,Statement by President Biden Applauding House Passage of Paycheck Protection Program Extension
259,Statement by National Security Advisor Jake Sullivan on Senator Christopher Coons (D-DE) Travel to Ethiopia
260,Readout of the Second National Climate Task Force Meeting
261,Press Briefing by White House COVID-19 Response Team and Public Health Officials
262,Statement by President Biden on Turkey鈥檚 Withdrawal from the Istanbul Convention
263,Remarks by President Biden at Emory University
264,Fact Sheet: U.S. Efforts to Combat Systemic Racism
265,Statement from President Biden Marking Nowruz
266,A Proclamation on Honoring the Victims of the Tragedy in the Atlanta Metropolitan Area
267,"A Proclamation on National Poison Prevention Week, 2021"
268,Remarks by President Biden After Marine One Arrival
269,Statement by President Biden on the International Day for the Elimination of Racial Discrimination
270,"President Joseph R. Biden, Jr. Amends Territory of Guam Disaster Declaration"
271,Statement by NSC Spokesperson Emily Horne on Senior Administration Official Travel to Mexico and Guatemala
272,"President Joseph R. Biden, Jr. Amends Commonwealth of the Northern Mariana Islands Disaster Declaration"
273,President Biden Announces his Intent to Nominate Lina Khan for Commissioner of the Federal Trade Commission
274,"A Proclamation on National Agriculture Day, 2021"
275,Statement by NSC Spokesperson Emily Horne on National Security Advisor Jake Sullivan and National Economic Council Director Brian Deese鈥檚 Small and Less Populous Island Economies (SALPIE) Initiative Launch Event
276,Press Briefing by White House COVID-19 Response Team and Public Health Officials
277,FACT SHEET: Small and Less Populous Island Economies (SALPIE) Initiative
278,"Press Briefing by Press Secretary Jen Psaki, March 22, 2021"
279,"A Proclamation on National Equal Pay Day, 2021"
280,Bill Signing: H.R. 1276
281,Remarks by President Biden After Marine One Arrival
282,Press Briefing by White House COVID-19 Response Team and Public Health Officials
283,President Biden Announces his Intent to Nominate Adrianne Todman as Deputy Secretary for Housing and Urban Development
284,FACT SHEET: Biden Administration Announces Historic $10 Billion Investment to Expand Access to COVID-19 Vaccines and Build Vaccine Confidence in Hardest-Hit and Highest-Risk Communities
285,Nominations Sent to the Senate
286,Remarks by President Biden and Vice President Harris in a Meeting on Immigration
287,"A Proclamation on Greek Independence Day: A National Day of Celebration of Greek and American Democracy, 2021"
288,Remarks by President Biden in Press Conference
289,"Press Briefing by Press Secretary Jen Psaki, Chair of the Council of Economic Advisers Cecilia Rouse, and Member of the Council of Economic Advisers Heather Boushey, March 24, 2021"
290,Remarks by President Biden at an Event to Mark Equal Pay Day
291,"A Proclamation Honoring the Victims of the Tragedy in Boulder, Colorado"
292,Nominations Sent to the Senate
293,Statement by NSC Spokesperson Emily Horne on Senior Administration Official Travel to Mexico
294,"Readout of President Joseph R. Biden, Jr. Call with Prime Minister Kyriakos Mitsotakis of Greece"
295,President Biden Participates in European Council Summit
296,Withdrawal Sent to the Senate
297,Readout of the White House鈥檚 Meeting with Oil and Gas Company Leadership
298,Bill Signing: S. 579
299,President Biden to Meet Virtually with EU Leaders at European Council Summit
300,"Remarks by President Biden on the Shooting in Boulder, Colorado"
301,Statement by President Biden on the Attack on the Right to Vote in Georgia
302,President Biden Invites 40 World Leaders to Leaders Summit on Climate
303,"A Proclamation on Education and Sharing Day, USA, 2021"
304,"Press Gaggle by Press Secretary Jen Psaki Aboard Air Force One en route Columbus, Ohio"
305,Remarks by President Biden During Tour of Radiation Oncology Department
306,Remarks by President Biden Before Boarding Air Force One
307,Background Press Call by Senior Administration Officials on the Democratic People鈥檚 Republic of Korea
308,Statement from the President on Passover
309,President Biden Announces his Intent to Nominate Key Members for the Department of State
310,"Press Briefing by Press Secretary Jen Psaki, March 26, 2021"
311,Remarks by President Biden Before Marine One Departure
312,Remarks by President Biden After Air Force One Arrival
313,Remarks by President Biden in a Virtual Fundraiser for Mayor Keisha Lance Bottoms
314,"Readout of President Joseph R. Biden, Jr. Call with Prime Minister Boris Johnson of the United Kingdom"
315,FACT SHEET: The Biden-Harris Administration鈥檚 Multi-Agency Effort to Support Renters and Landlords
316,Bill Signing: H.R. 1651
317,"President Joseph R. Biden, Jr. Approves Disaster Declaration for the Poarch Band of Creek Indians"
318,Notice on the Continuation of the National Emergency with Respect to South Sudan
319,White House Announces Environmental Justice Advisory Council Members
320,Remarks by President Biden Before Air Force One Departure
321,Notice on the Continuation of the National Emergency with Respect to Significant Malicious Cyber-Enabled Activities
322,FACT SHEET: Biden Administration Jumpstarts Offshore Wind Energy Projects to Create Jobs
323,Approaching Policy with Equity in Mind
324,"Press Briefing by Press Secretary Jen Psaki, March 29, 2021"
325,"FACT SHEET: President Biden Announces Additional Actions to Respond to Anti-Asian Violence, Xenophobia and Bias"
326,Statement by NSC Spokesperson Emily Horne on National Security Advisor Jake Sullivan鈥檚 Call with Head of Presidential Office Andriy Yermak of Ukraine
327,Remarks by President Biden on the COVID-19 Response and the State of Vaccinations
328,Remarks by President Biden at Signing of the PPP Extension Act of 2021
329,President Biden Announces Intent to Nominate 11 Judicial Candidates
330,Bill Signing: H.R. 1799
331,Fact Sheet: President Biden to Sign Executive Orders Establishing the White House Gender Policy Council and Ensuring Education Free from Sexual Violence
332,Notice on the Continuation of the National Emergency with Respect to Iran
333,Readout of Visit to the Border Region by Senior Administration Officials
334,Pre-Taped Remarks by Vice President Kamala Harris As Delivered to Brown Chapel AME Church
335,Letter to the Speaker of the House and the President of the Senate on the Continuation of the National Emergency With Respect to Iran
336,A Letter on the Continuation of the National Emergency with Respect to Ukraine
337,"Press Briefing by Press Secretary Jen Psaki, March 5, 2021"
338,"Statement by President Joseph R. Biden, Jr. on First-Ever Papal Visit to Iraq"
339,"A Proclamation on National Colorectal Cancer Awareness Month, 2021"
340,"Readout of President Joseph R. Biden, Jr. Call with Senate Democratic Caucus"
341,"A Proclamation on American Red Cross Month, 2021"
342,"Readout of President Joseph R. Biden, Jr. Call with President Uhuru Kenyatta of Kenya"
343,Remarks by President Biden at a FEMA COVID-19 Vaccination Facility
344,Statement by President Biden on the Anniversary of Russia鈥檚 Illegal Invasion of Ukraine
345,FACT SHEET: The United States-Canada Partnership
346,Remarks by President Biden on Helping Small Businesses
347,"Press Briefing by Press Secretary Jen Psaki,聽February 23, 2021"
348,Executive Order on America鈥檚 Supply Chains
349,"FACT SHEET: Biden-Harris Administration Increases Lending to Small Businesses in Need, Announces Changes to PPP to Further Promote Equitable Access to Relief"
350,"President Joseph R. Biden, Jr. Approves Texas Disaster Declaration"
351,"A Proclamation on Remembering the 500,000 Americans Lost to COVID-19"
352,Statement by White House Press Secretary Jen Psaki on the Bilateral Virtual Meeting between President Joe Biden and Prime Minister Justin Trudeau
353,President Biden Announces Key Nominee for the Office of Personnel Management
354,"President Joseph R. Biden, Jr. Amends Louisiana Disaster Declaration"
355,FACT SHEET: President Biden Announces New Actions to Deliver Masks to Communities Hit Hard by the Pandemic
356,"Remarks by President Biden on the More Than 500,000 American Lives Lost to COVID-19"
357,A Letter on the Continuation of the National Emergency Concerning the Coronavirus Disease 2019 (COVID-19) Pandemic
358,"Press Briefing by Press Secretary Jen Psaki, February 22, 2021"
359,Nominations Sent to the Senate
360,FACT SHEET:  Securing America鈥檚 Critical Supply Chains
361,Press Briefing by White House COVID-19 Response Team and Public Health Officials
362,Nomination Sent to the Senate
363,Press Briefing by White House COVID-19 Response Team and Public Health Officials
364,Notice on the Continuation of the National Emergency Concerning the Coronavirus Disease 2019 (COVID-19) Pandemic
365,Remarks by President Biden During a Meeting with a Bipartisan Group of House and Senate Members on U.S. Supply Chains
366,A Letter on the Continuation of the National Emergency with Respect to Cuba and of the Emergency Authority Relating to the Regulation of the Anchorage and Movement of Vessels
367,Remarks by President Biden and Prime Minister Trudeau of Canada Before Virtual Bilateral Meeting
368,"Readout of President Joseph R. Biden, Jr. Call With Prime Minister Mustafa Al-Kadhimi of Iraq"
369,Remarks by President Biden and Prime Minister Trudeau of Canada in Joint Press Statements
370,Remarks by President Biden in Roundtable with Black Essential Workers Moderated by Domestic Policy Advisor Susan Rice
371,Notice on the Continuation of the National Emergency with Respect to Cuba and of the Emergency Authority Relating to the Regulation of the Anchorage and Movement of Vessels
372,Roadmap for a Renewed U.S.-Canada Partnership
373,"President Joseph R. Biden, Jr. Approves Oklahoma Disaster Declaration"
374,Executive Order on the Revocation of Certain Presidential Actions
375,"Press Briefing by Press Secretary Jen Psaki, Deputy Director of the National Economic Council Sameera Fazili, and Senior Director for International Economics and Competitiveness Peter Harrell, February 24, 2021"
376,A Proclamation on Revoking Proclamation 10014
377,Remarks by President Biden at Signing of an Executive Order on Supply Chains
378,"Press Briefing by Press Secretary Jen Psaki, February 25, 2021"
379,Readout of the White House鈥檚 Meeting with Automakers and Labor Leaders
380,"Readout of President Joseph R. Biden, Jr. Call with King Salman bin Abdulaziz al-Saud of Saudi Arabia"
381,Remarks by President Biden at an Event Commemorating the 50 Millionth COVID-19 Vaccine Shot
382,Statement by White House Press Secretary Jen Psaki on the Bilateral Virtual Meeting Between President Joe Biden and President Andr茅s Manuel L贸pez Obrador
383,President Biden Announces Nominees for the United States Postal Service Board of Governors
384,Statement by Press Secretary Jen Psaki
385,Remarks by President Biden at the National Governors Association鈥檚 Winter Meeting
386,Statement by National Security Advisor Jake Sullivan on Violence Against Peaceful Demonstrations in Burma
387,Remarks by President Biden on the American Rescue Plan
388,Readout of the White House鈥檚 First Interagency Working Group on Coal and Power Plant Communities and Economic Revitalization
389,A Letter to the Speaker of the House and President pro tempore of the Senate Consistent with the War Powers Resolution
390,Statement by President Joe Biden on Emergency Use Authorization of the Johnson & Johnson COVID-19 Vaccine
391,"A Proclamation on Irish-American Heritage Month, 2021"
392,FACT SHEET: U.S. 鈥?Mexico Bilateral Cooperation
393,"A Proclamation on Read Across America Day, 2021"
394,FACT SHEET: 441 Federally-Supported Community Vaccination Centers in First Month of Biden-Harris Administration
395,Press Briefing by White House COVID-19 Response Team and Public Health Officials
396,Press Briefing by White House COVID-19 Response Team and Public Health Officials
397,Readout of the White House鈥檚 Meeting with Airline Leaders
398,"A Proclamation on Women鈥檚 History Month, 2021"
399,A Return to Science: Evidence-Based Estimates of the Benefits of Reducing Climate Pollution
400,Readout of Vice President Kamala Harris Call with Prime Minister Mette Frederiksen of Denmark
401,"A Proclamation on National Consumer Protection Week, 2021"
402,Remarks by President Biden and President L贸pez Obrador of Mexico Before Virtual Bilateral Meeting
403,Statement by NSC Spokesperson Emily Horne on National Security Advisor Jake Sullivan鈥檚 Call with National Security Advisor Suh Hoon of the Republic of Korea
404,U.S.-Mexico Joint Declaration
405,Readout of Vice President Kamala Harris Call with President Felix Tshisekedi of the Democratic Republic of the Congo
406,Press Briefing by Press Secretary Jen Psaki and Secretary of Homeland Security Alejandro Mayorkas
407,"Statement by NSC Spokesperson Emily Horne on National Security Advisor Jake Sullivan鈥檚 Call with Luigi Mattiolo, Diplomatic Advisor to the Italian Prime Minister"
408,Interim National Security Strategic Guidance
409,"Press Briefing by Press Secretary Jen Psaki, March 2, 2021"
410,Press Briefing by White House COVID-19 Response Team and Public Health Officials
411,President Biden Announces Key Nominee for the Small Business Administration
412,Notice on the Continuation of the National Emergency with Respect to Zimbabwe
413,A Letter on the Annual Report on the Legal and Policy Frameworks for the United States鈥?Use of Military Force and Related National Security Operations
414,Remarks by President Biden in a Bipartisan Meeting on Cancer
415,"Readout of President Joseph R. Biden, Jr. and Vice President Kamala D. Harris Meeting with Members of Congress on Cancer Research"
416,Nomination Sent to the Senate
417,A Letter on the Continuation of the National Emergency with Respect to Zimbabwe
418,Remarks by President Biden on the Administration鈥檚 COVID-19 Vaccination Efforts
419,Statement by President Joe Biden and Nominee for Director of the Office of Management Neera Tanden
420,Notice on the Continuation of the National Emergency with Respect to Ukraine
421,Press Gaggle by Press Secretary Jen Psaki and Homeland Security Advisor and Deputy National Security Advisor Dr. Elizabeth Sherwood-Randall
422,Readout of Vice President Kamala Harris Call with Prime Minister Scott Morrison of Australia
423,Readout of the White House鈥檚 Meeting with Electric Vehicle Charging Infrastructure Leaders
424,"Statement by President Joseph R. Biden, Jr. on 2021 Special Health Insurance Enrollment Period Coverage Progress"
425,Notice on the Continuation of the National Emergency with Respect to Venezuela
426,A Letter on the Continuation of the National Emergency with Respect to Venezuela
427,"Press Briefing by Press Secretary Jen Psaki, March 3, 2021"
428,Statement of President Joe Biden on the Passing of Vernon Jordan
429,"President Joseph R. Biden, Jr. Amends La Jolla Band of Luise帽o Indians Disaster Declaration"
430,Statement by President Joe Biden on the House of Representatives Passage of H.R. 1
431,Remarks by President Biden at the House Democratic Caucus Virtual Issues Conference
432,Remarks by President Biden Before Meeting with a Bipartisan Group of House Members on Infrastructure
433,"President Joseph R. Biden, Jr. Approves North Carolina Disaster Declaration"
434,"President Joseph R. Biden, Jr. Amends Cahuilla Band of Indians Disaster Declaration"
435,Statement by NSC Spokesperson Emily Horne on National Security Advisor Jake Sullivan鈥檚 Call with Pacific Island Country (PIC) Ambassadors
436,"Press Briefing by Press Secretary Jen Psaki and Secretary of Veterans Affairs Denis McDonough, March 4, 2021"
437,Statement by Press Secretary Jen Psaki
438,Remarks by President Biden in a Roundtable on the American Rescue Plan
439,Fact Sheet: The U.S. Response to Ebola Outbreaks in West and East Africa
440,Pre-Taped Remarks by President Biden as Prepared for Delivery at the Martin & Coretta Scott King Unity Breakfast
441,"Readout of President Biden, Vice President Harris, and Secretary Buttigieg鈥檚 Meeting with House Members on Infrastructure"
442,Remarks by President Biden on the Senate Passage of the American Rescue Plan
443,Fact Sheet: President Biden to Sign Executive Order to Promote Voting Access
444,Executive Order on Promoting Access to Voting
445,"Readout of President Joseph R. Biden, Jr. Call with President Alejandro Giammattei Falla of Guatemala"
446,Readout of the White House鈥檚 Listening Session with Asian American and Pacific Islander Leaders on Rising Hate Crimes and Incidents Against Asian American Communities
447,Readout of Vice President Kamala Harris Call with Prime Minister Benjamin Netanyahu of Israel
448,Remarks by President Biden in a Call to Congratulate the NASA JPL Perseverance Team on the Successful Mars Landing
449,White House Announces Additional Policy Staff
450,"Executive Order on Guaranteeing an Educational Environment Free from Discrimination on the Basis of Sex, Including Sexual Orientation or Gender Identity"
451,Executive Order on Establishment of the White House Gender Policy Council
452,The Employment Situation in February
453,"President Joseph R. Biden, Jr. Approves Idaho Disaster Declaration"
454,"Readout of President Joseph R. Biden, Jr. Call with European Commission President Ursula von der Leyen"
455,Press Briefing by White House COVID-19 Response Team and Public Health Officials
456,Remarks by President Biden Before Economic Briefing with Treasury Secretary Yellen
457,Statement by President Biden on International Women鈥檚 Day
458,Press Briefing by White House COVID-19 Response Team and Public Health Officials
459,Remarks by Vice President Harris at National League of Cities Conference
460,U.S. Department of Homeland Security: Secretary Mayorkas Designates Venezuela for Temporary Protected Status for 18 Months
461,"Readout of President Joseph R. Biden, Jr. Call with Governor Greg Abbott of Texas"
462,"President Biden Announces Key Nominees of his Health and Human Service, Education, and Veteran Affairs Teams"
463,Remarks by President Biden at the 2021 Virtual Munich Security Conference
464,President Biden Announces Additional Members of His Energy and Jobs Team
465,Fact Sheet: Biden Administration to Take Steps to Bolster Registered Apprenticeships
466,Readout of the White House鈥檚 Meeting with Community Violence Prevention Experts
467,"Statement by NSC Spokesperson Emily Horne on National Security Advisor Jake Sullivan鈥檚 Call with Stephen Lovegrove, Incoming National Security Advisor to the Prime Minister of the United Kingdom"
468,Press Briefing by White House COVID-19 Response Team and Public Health Officials
469,"Statement by President Joseph R. Biden, Jr. on the Introduction of the Equality Act in Congress"
470,Executive Order on Rebuilding and Enhancing Programs to Resettle Refugees and Planning for the Impact of Climate Change on Migration
471,Memorandum on Protecting Women鈥檚 Health at Home and Abroad
472,"Press Briefing by Press Secretary Jen Psaki, February 10, 2021"
473,Remarks by President Biden on the Administration鈥檚 Response to the Coup in Burma
474,Statement by NSC Spokesperson Emily Horne on National Security Advisor Jake Sullivan鈥檚 Call with ASEAN Ambassadors
475,Statement of President Joe Biden on the Passing of Former Secretary George Shultz
476,President Biden Announces Members of the Biden-Harris Administration COVID-19 Health Equity Task Force
477,President Biden Announces Key Nomination on Jobs Team
478,"Remarks by President Biden at Signing of Executive Orders Strengthening Americans鈥?Access to Quality, Affordable Healthcare"
479,Statement on the 12th Anniversary of the Lilly Ledbetter Fair Pay Act
480,"Press Briefing by Press Secretary Jen Psaki, January 29, 2021"
481,Letter from President Joe Biden to the Speaker of the House of Representatives and the President of the Senate
482,Statement from White House Press Secretary Jen Psaki
483,"Press Briefing by Press Secretary Jen Psaki, February 1, 2021"
484,"Statement by President Joseph R. Biden, Jr. on the Situation in Burma"
485,Remarks by President Biden Before Meeting With Bipartisan Group of Governors and Mayors to Discuss the Vital Need to Pass the American Rescue Plan
486,Statement by National Security Advisor Jake Sullivan
487,Statement of President Joe Biden on Safely Reopening Schools
488,"Press Briefing by Press Secretary Jen Psaki, Detroit Mayor Mike Duggan, and Miami Mayor Francis Suarez, February 12, 2021"
489,Remarks by President Biden on America鈥檚 Place in the World
490,Statement by President Joe Biden on the Senate Vote in the Trial of Donald Trump
491,Nominations Sent to the Senate
492,FACT SHEET: President Biden Reestablishes the White House Office of Faith-Based and Neighborhood Partnerships
493,Statement by the President Three Years After the Parkland Shooting
494,Statement by White House Press Secretary Jen Psaki on President Joe Biden and Vice President Kamala Harris鈥?Meeting with Republican Senators
495,Executive Order on the Establishment of the White House Office of Faith-Based and Neighborhood Partnerships
496,A Proclamation on Adjusting Imports of Aluminum Into the United States
497,Executive Order on Restoring Faith in Our Legal Immigration Systems and Strengthening Integration and Inclusion Efforts for New Americans
498,"FACT SHEET: President Biden Outlines Steps to Reform Our Immigration System by Keeping Families Together, Addressing the Root Causes of Irregular Migration, and Streamlining the Legal Immigration System"
499,"FACT SHEET: President Biden Announces Increased Vaccine Supply, Initial Launch of the Federal Retail Pharmacy Program, and Expansion of FEMA Reimbursement to States"
500,Memorandum on Maximizing Assistance from the Federal Emergency Management Agency
501,"Statement by NSC Spokesperson Emily Horne on National Security Advisor Jake Sullivan鈥檚 Call with Ibrahim Kalin, Spokesperson and Chief Advisor to the President of Turkey"
502,"Executive Order on Creating a Comprehensive Regional Framework to Address the Causes of Migration, to Manage Migration Throughout North and Central America, and to Provide Safe and Orderly Processing of Asylum Seekers at the United States Border"
503,"Statement by NSC Spokesperson Emily Horne on National Security Advisor Jake Sullivan鈥檚 Call with Emma Aparici, Chief Diplomatic Advisor to the President of Spain"
504,"Readout of President Joseph R. Biden, Jr. Call with Prime Minister Yoshihide Suga of Japan"
505,Executive Order on the President鈥檚 Council of Advisors on Science and Technology
506,Executive Order on Tackling the Climate Crisis at Home and Abroad
507,Memorandum on Restoring Trust in Government Through Scientific Integrity and Evidence-Based Policymaking
508,"Press Briefing by Press Secretary Jen Psaki, Special Presidential Envoy for Climate John Kerry, and National Climate Advisor Gina McCarthy, January 27, 2021"
509,Readout of National Security Advisor Jake Sullivan Call with National Security Advisor Ajit Doval of India
510,"Remarks by President Biden Before Signing Executive Actions on Tackling Climate Change, Creating Jobs, and Restoring Scientific Integrity"
511,"FACT SHEET: President Biden to Sign Executive Orders Strengthening Americans鈥?Access to Quality, Affordable Health Care"
512,Statement by NSC Spokesperson Emily Horne on National Security Advisor Jake Sullivan鈥檚 Call with Head of Cabinet Bjoern Seibert of the European Commission
513,"Press Briefing by Press Secretary Jen Psaki, February 2, 2021"
514,Remarks by President Biden at Signing of Executive Orders Advancing His Priority to Modernize Our Immigration System
515,"A Proclamation on National Black History Month, 2021"
516,Press Briefing by White House COVID-19 Response Team and Public Health Officials
517,President Joseph R. Biden Approves the Navajo Nation Disaster Declaration
518,The Economics of the American Rescue Plan
519,Statement by NSC Spokesperson Emily Horne on National Security Advisor Jake Sullivan鈥檚 Call with Senior Polish Officials
520,"President Joseph R. Biden, Jr. Approves Texas Emergency Declaration"
521,Statement by White House Spokesperson Jen Psaki on Burma
522,"A Proclamation on American Heart Month, 2021"
523,Statement by President Joe Biden On Black History Month
524,"A Proclamation on National Teen Dating Violence Awareness and Prevention Month, 2021"
525,Executive Order on the Establishment of Interagency Task Force on the Reunification of Families
526,Executive Order on Strengthening Medicaid and the Affordable Care Act
527,"Press Briefing by Press Secretary Jen Psaki, February 3, 2021"
528,"Readout of President Joseph R. Biden, Jr. Call with President Moon Jae-in of the Republic of Korea"
529,"President Joseph R. Biden, Jr. Approves Maryland Disaster Declaration"
530,Nomination Sent to the Senate
531,"President Joseph R. Biden, Jr. Approves Washington Disaster Declaration"
532,Fact Sheet: President Biden to Sign Executive Actions Restoring America鈥檚 Place in the World
533,Withdrawals Sent to the Senate
534,"Readout of President Joseph R. Biden, Jr. Call with Prime Minister Scott Morrison of Australia"
535,Nominations Sent to the Senate
536,"Press Briefing by Press Secretary Jen Psaki and National Security Advisor Jake Sullivan, February 4, 2021"
537,"Readout of President Joseph R. Biden, Jr. Call with Prime Minister Narendra Modi of India"
538,"Press Briefing by Press Secretary Jen Psaki, February 8, 2021"
539,Press Briefing by White House COVID-19 Response Team and Public Health Officials
540,"Remarks by President Biden and Vice President Harris During Tour of the State Farm Stadium Vaccination Site in Glendale, Arizona"
541,Statement by NSC Spokesperson Emily Horne on National Security Advisor Jake Sullivan鈥檚 Call with聽Secretary General Natthaphon Narkphanit of the Thai National Security Council
542,"FACT SHEET: President Biden Announces Community Health Centers Vaccination Program to Launch Next Week and Another Increase in States, Tribes, & Territories鈥?Vaccine Supply"
543,Press Briefing by White House COVID-19 Response Team and Public Health Officials
544,Remarks by President Biden Before a Business Leaders Meeting on the American Rescue Plan
545,"Memorandum on Advancing the Human Rights of Lesbian, Gay, Bisexual, Transgender, Queer, and Intersex Persons Around the World"
546,Statement by President Joe Biden on the 2021 Special Health Insurance Enrollment Period Through HealthCare.gov
547,"Press Briefing by Press Secretary Jen Psaki, February 9, 2021"
548,"Memorandum on Revitalizing America鈥檚 Foreign Policy and National Security Workforce, Institutions, and Partnerships"
549,Fact Sheet: Biden Administration Announces Extension of COVID-19 Forbearance and Foreclosure Protections for Homeowners
550,The Employment Situation in January
551,Remarks by President Biden Before Meeting with House Democratic Leaders Working on the American Rescue Plan
552,"Press Briefing by Press Secretary Jen Psaki and Council of Economic Advisers Member Jared Bernstein, February 5, 2021"
553,Remarks by President Biden on the State of the Economy and the Need for the American Rescue Plan
554,Readout of Vice President Kamala Harris Call with President Emmanuel Macron of France
555,The MPP Program and Border Security Joint Statement by Assistant to the President and National Security Advisor Jake Sullivan and Assistant to the President and Homeland Security Advisor Dr. Elizabeth Sherwood-Randall
556,Memorandum on Renewing the National Security Council System
557,Remarks by President Biden in a CNN Town Hall with Anderson Cooper
558,Statement by White House Press Secretary Jen Psaki on Cases of Ebola
559,"Readout of President Joseph R. Biden, Jr. Call with President Xi Jinping of China"
560,"Statement by NSC Spokesperson Emily Horne on National Security Advisor Jake Sullivan鈥檚 Call with Geoffrey van Leeuwen, Foreign Affairs and Defense Advisor to the Prime Minister of the Netherlands"
561,Fact Sheet: President Biden Announces New Actions to Expand and Improve COVID-19 Testing
562,"Press Briefing by Press Secretary Jen Psaki, February 16, 2021"
563,Readout of the White House鈥檚 Meeting with Gun Violence Prevention Advocacy Groups
564,Executive Order on Blocking Property with Respect to the Situation in Burma
565,A Letter to the Speaker Of The House And President Of The Senate Regarding the Termination of the National Emergency Concerning the Southern Border
566,"Readout of President Biden, Vice President Harris, and Secretary Buttigieg鈥檚 Meeting with Senators on Infrastructure"
567,A Letter to the Speaker of the House of Representatives and the President of the Senate
568,Biden-Harris Administration Launches American Innovation Effort to Create Jobs and Tackle the Climate Crisis
569,FACT SHEET: Biden-Harris Administration Actions in Response to the Coup in Burma
570,Remarks by President Biden Before Meeting with Senators on the Critical Need to Invest in Modern and Sustainable American Infrastrucutre
571,Readout of the First National Climate Task Force Meeting
572,Notice on the Continuation of the National Emergency with Respect to Libya
573,Remarks by President Biden to Department of Defense Personnel
574,"Press Briefing by Press Secretary Jen Psaki, February 11, 2021"
575,A Letter to the Speaker of the House of Representatives and the President of the Senate聽on the Continuation of the National Emergency With Respect to Libya
576,Remarks by President Biden During Tour of the Viral Pathogenesis Laboratory
577,Remarks by President Biden to National Institutes of Health Staff
578,Executive Order on the Revocation of Executive Order 13801
579,Press Briefing by White House COVID-19 Response Team and Public Health Officials
580,"President Joseph R. Biden, Jr. Approves Alaska Disaster Declaration"
581,"Press Briefing by Press Secretary Jen Psaki and Deputy National Security Advisor for Cyber and Emerging Technology Anne Neuberger, February 17, 2021"
582,"Readout of President Joseph R. Biden, Jr. Call with Prime Minister Benjamin Netanyahu of Israel"
583,Remarks by President Biden Before Meeting with Labor Leaders to Discuss the American Rescue Plan and Infrastructure
584,Statement by President Joe Biden on Ash Wednesday
585,Readout of Labor Leaders Meeting to Discuss the American Rescue Plan and Infrastructure
586,"President Joseph R. Biden, Jr. Approves Oklahoma Emergency Declaration"
587,Statement by NSC Spokesperson Emily Horne on National Security Advisor Jake Sullivan Call with National Security Advisor Hermogenes Esperon of the Philippines
588,Statement by NSC Spokesperson Emily Horne on National Security Advisor Jake Sullivan鈥檚 Call with Foreign Minister Vivian Balakrishnan of Singapore
589,Statement by NSC Spokesperson Emily Horne on National Security Advisor Jake Sullivan鈥檚 Call with Chancellor Sebastian Kurz of Austria
590,"Statement by President Joseph R. Biden, Jr. on Introduction of the U.S. Citizenship Act of 2021"
591,"President Joseph R. Biden, Jr. Approves Louisiana Emergency Declaration"
592,"Press Briefing by Press Secretary Jen Psaki and Homeland Security Advisor Dr. Elizabeth Sherwood-Randall, February 18, 2021"
593,Fact Sheet: President Biden to Take Action on Global Health through Support of COVAX and Calling for Health Security Financing
594,Readout of the White House鈥檚 Meeting with Young Community Violence Prevention Advocates
595,"Press Gaggle by Press Secretary Jen Psaki Aboard Air Force One En Route Kalamazoo, MI"
596,Press Briefing by White House COVID-19 Response Team and Public Health Officials
597,"Readout of President Joseph R. Biden, Jr. Call with Acting FEMA Administrator Bob Fenton"
598,"Statement by President Joseph R. Biden, Jr. on the Day of Remembrance of Japanese American Internment"
599,Remarks by President Biden at Pfizer Manufacturing Site
600,"Statement by NSC Spokesperson Emily Horne on National Security Advisor Jake Sullivan鈥檚 Call with Jean-Charles Ellermann-Kingombe, Permanent Under-Secretary of State at the Danish Prime Minister鈥檚 Office"
601,Executive Order on Reforming Our Incarceration System to Eliminate the Use of Privately Operated Criminal Detention Facilities
602,Memorandum on Redressing Our Nation鈥檚 and the Federal Government鈥檚 History of Discriminatory Housing Practices and Policies
603,"Statement by President Joseph R. Biden, Jr. on International Holocaust Remembrance Day"
604,"Memorandum Condemning and Combating Racism, Xenophobia, and Intolerance Against Asian Americans and Pacific Islanders in the United States"
605,"FACT SHEET: President Biden Takes Executive Actions to Tackle the Climate Crisis at Home and Abroad, Create Jobs, and Restore Scientific Integrity Across Federal Government"
606,Memorandum on Tribal Consultation and Strengthening Nation-to-Nation Relationships
607,Executive Order on Promoting COVID-19 Safety in Domestic and International Travel
608,"Press Briefing by Press Secretary Jen Psaki and Domestic Policy Advisor Susan Rice, January 26, 2021"
609,"Fact Sheet: President Biden Announces New Steps to Boost Vaccine Supply and Increase Transparency for States, Tribes, and Territories"
610,Remarks by President Biden on the Fight to Contain the COVID-19 Pandemic
611,Executive Order on a Sustainable Public Health Supply Chain
612,Remarks by President Biden at Signing of an Executive Order on Racial Equity
613,Executive Order on Enabling All Qualified Americans to Serve Their Country in Uniform
614,Executive Order on Ensuring a Data-Driven Response to COVID-19 and Future High-Consequence Public Health Threats
615,Executive Order on Improving and Expanding Access to Care and Treatments for COVID-19
616,Memorandum to Extend Federal Support to Governors鈥?Use of the National Guard to Respond to COVID-19 and to Increase Reimbursement and Other Assistance Provided to States
617,"Inaugural Address by President Joseph R. Biden, Jr."
618,Remarks by President Biden on the American Rescue Plan and Signing of Executive Orders
619,Fact Sheet: President-elect Biden Outlines COVID-19 Vaccination Plan
620,Fact Sheet: President-elect Biden鈥檚 Day One Executive Actions Deliver Relief for Families Across America Amid Converging Crises
621,Readout of President Joe Biden Call with Prime Minister Justin Trudeau of Canada
622,Fact Sheet: List of Agency Actions for Review
623,Fact Sheet: President Biden Sends Immigration Bill to Congress as Part of His Commitment to Modernize our Immigration System
624,"A Letter to Dr. Eric S. Lander, the President鈥檚 Science Advisor and nominee as Director of the Office of Science and Technology Policy"
625,Statement of President Joe Biden on the Passing of Henry Louis 鈥淗ank鈥?Aaron
626,Statement by NSC Spokesperson Emily Horne on National Security Advisor Jake Sullivan鈥檚 Call National Security Advisor Suh Hoon of the Republic of Korea
627,Readout of Senior Administration Economic Officials鈥?Meeting with Small Business Leaders and Advocates
628,Readout of President Joe Biden Call with President Andr茅s Manuel L贸pez Obrador of Mexico
629,Statement by NSC Spokesperson Emily Horne on National Security Advisor Jake Sullivan鈥檚 Call with National Security Advisor Meir Ben Shabbat of Israel
630,"Readout of President Joseph R. Biden, Jr. Call with President Emmanuel Macron of France"
631,President Biden Announces American Rescue Plan
632,Readout of President Joseph R. Biden Call with Prime Minister Boris Johnson of the United Kingdom
633,A National Day of Unity
634,"President Biden to Sign Executive Order Strengthening Buy American Provisions, Ensuring Future of America is Made in America by All of America鈥檚 Workers"
635,Regulatory Freeze Pending Review
636,Fact Sheet: President Biden Signs Executive Order Enabling All Qualified Americans to Serve Their Country in Uniform
637,Executive Order On Advancing Racial Equity and Support for Underserved Communities Through the Federal Government
638,Executive Order on Protecting the Federal Workforce and Requiring Mask-Wearing
639,"Press Briefing by Press Secretary Jen Psaki, January 20, 2021"
640,Paris Climate Agreement
641,President Joe Biden Announces Acting Federal Agency Leadership
642,Executive Order on Ensuring a Lawful and Accurate Enumeration and Apportionment Pursuant to the Decennial Census
643,Executive Order on Ensuring an Equitable Pandemic Response and Recovery
644,Executive Order on Organizing and Mobilizing the United States Government to Provide a Unified and Effective Response to Combat COVID-19 and to Provide United States Leadership on Global Health and Security
645,Proclamation on Ending Discriminatory Bans on Entry to The United States
646,Executive Order on the Revision of Civil Immigration Enforcement Policies and Priorities
647,Letter to His Excellency Ant贸nio Guterres
648,"Press Briefing by Press Secretary Jen Psaki, January 21, 2021"
649,Executive Order on Establishing the COVID-19 Pandemic Testing Board and Ensuring a Sustainable Public Health Workforce for COVID-19 and Other Biological Threats
650,Executive Order on Revocation of Certain Executive Orders Concerning Federal Regulation
651,Fact Sheet: President Biden鈥檚 New Executive Actions Deliver Economic Relief for American Families and Businesses Amid the COVID-19 Crises
652,Executive Order on Supporting the Reopening and Continuing Operation of Schools and Early Childhood Education Providers
653,Executive Order on Protecting Worker Health and Safety
654,National Security Memorandum on United States Global Leadership to Strengthen the International COVID-19 Response and to Advance Global Health Security and Biological Preparedness
655,Readout of Vice President Harris鈥檚 Call with World Health Organization Director-General Dr. Tedros Adhanom Ghebreyesus
656,Talking Points: January 22 Executive Orders 鈥?Economic Relief
657,Bill Signing: H.R. 335
658,Press Briefing by Press Secretary Jen Psaki and National Economic Director Brian Deese
659,Statement from President Biden and Vice President Harris on the 48th Anniversary of Roe v. Wade
660,Proclamation on the Suspension of Entry as Immigrants and Non-Immigrants of Certain Additional Persons Who Pose a Risk of Transmitting Coronavirus Disease
661,Executive Order on Economic Relief Related to the COVID-19 Pandemic
662,Statement by NSC Spokesperson Emily Horne on National Security Advisor Jake Sullivan鈥檚 Call with National Security Advisor Hamdullah Mohib of Afghanistan
663,Executive Order on Protecting the Federal Workforce
664,Remarks by President Biden in Signing of Executive Order Reversing the 2018 Transgender Military Ban
665,"Readout of President Joseph R. Biden, Jr. Call with Chancellor Angela Merkel of Germany"
666,"Press Briefing by Press Secretary Jen Psaki, January 25, 2021"
667,Executive Order on Ensuring the Future Is Made in All of America by All of America鈥檚 Workers
668,Remarks by President Biden at Signing of Executive Order on Strengthening American Manufacturing
669,Executive Order on Protecting Public Health and the Environment and Restoring Science to Tackle the Climate Crisis
670,Executive Order on Preventing and Combating Discrimination on the Basis of Gender Identity or Sexual Orientation
671,FACT SHEET: President Biden to Take Action to Advance Racial Equity and Support Underserved Communities
672,"Readout of President Joseph R. Biden, Jr. Call with Secretary General Jens Stoltenberg of NATO"
673,"Readout of President Joseph R. Biden, Jr. Call with President Vladimir Putin of Russia"
674,Preserving and Fortifying Deferred Action for Childhood Arrivals (DACA)
675,Proclamation on the Termination Of Emergency With Respect To The Southern Border Of The United States And Redirection Of Funds Diverted To Border Wall Construction 锘?
676,Executive Order on Ethics Commitments by Executive Branch Personnel
677,Pausing Federal Student Loan Payments
678,Remarks by Vice President Kamala Harris at the Celebration of America
679,Modernizing Regulatory Review
680,Reinstating Deferred Enforced Departure for Liberians
